Work Item Type,Title,Description,Area Path,Iteration Path,State,Priority,Effort,Story Points
Task,Health Check Framework - Core,Create reusable health check framework in mcp_servers/common/,evieai,evieai\Iteration\Sprint 1,New,1,3,
Task,Health Checks - file_share,Add /health endpoint to file_share MCP server,evieai,evieai\Iteration\Sprint 1,New,1,2,
Task,Health Checks - sql,Add /health endpoint to sql MCP server,evieai,evieai\Iteration\Sprint 1,New,1,2,
Task,Health Checks - analytics,Add /health endpoint to analytics MCP server,evieai,evieai\Iteration\Sprint 1,New,1,2,
Task,Health Checks - document_generation,Add /health endpoint to document_generation MCP server,evieai,evieai\Iteration\Sprint 1,New,1,2,
Task,Health Checks - Other Servers,Add /health endpoints to remaining servers (o365_mail onedrive memory knowledge_base dashboard postgresql),evieai,evieai\Iteration\Sprint 1,New,2,2,
Task,Error Framework,Create centralized error handling framework in mcp_servers/common/,evieai,evieai\Iteration\Sprint 2 - Error Handling,New,1,3,
Task,Input Validation Framework,Create Pydantic validation models for all MCP servers,evieai,evieai\Iteration\Sprint 2 - Error Handling,New,1,2,
Task,Error Handling - file_share,Implement structured error handling for file_share MCP,evieai,evieai\Iteration\Sprint 2 - Error Handling,New,1,2,
Task,Error Handling - sql,Implement structured error handling for sql MCP,evieai,evieai\Iteration\Sprint 2 - Error Handling,New,1,2,
Task,Error Handling - analytics and document_generation,Implement structured error handling for analytics and document_generation MCPs,evieai,evieai\Iteration\Sprint 2 - Error Handling,New,1,2,
Task,Error Documentation,Document all error codes and create MCP_ERROR_CODES.md,evieai,evieai\Iteration\Sprint 2 - Error Handling,New,2,2,
Task,Query Caching Framework,Implement caching framework for query results,evieai,evieai\Iteration\Sprint 3 - Caching,New,1,3,
Task,Caching - file_share,Add caching to file_share queries,evieai,evieai\Iteration\Sprint 3 - Caching,New,1,2,
Task,Caching - analytics,Add caching to analytics queries,evieai,evieai\Iteration\Sprint 3 - Caching,New,1,2,
Task,Caching - knowledge_base,Add caching to knowledge_base queries,evieai,evieai\Iteration\Sprint 3 - Caching,New,1,2,
Task,Caching - Metrics and Monitoring,Implement cache metrics and monitoring,evieai,evieai\Iteration\Sprint 3 - Caching,New,2,2,
Task,SQL Connection Pooling,Implement connection pooling for SQL MCP,evieai,evieai\Iteration\Sprint 4 - Connection Pooling,New,1,3,
Task,Graph API Pooling,Implement connection pooling for O365 Mail and OneDrive MCPs,evieai,evieai\Iteration\Sprint 4 - Connection Pooling,New,1,2,
Task,Structured Logging,Implement structured logging across all MCPs,evieai,evieai\Iteration\Sprint 4 - Connection Pooling,New,1,2,
Task,Application Insights Integration,Add Application Insights telemetry to MCPs,evieai,evieai\Iteration\Sprint 4 - Connection Pooling,New,1,2,
Task,Performance Testing,Conduct load and performance testing of MCPs,evieai,evieai\Iteration\Sprint 4 - Connection Pooling,New,2,2,
Task,API Documentation,Create comprehensive API reference documentation,evieai,evieai\Iteration\Sprint 5 - Documentation,New,1,2,
Task,Docstrings and Code Comments,Add docstrings to all MCP modules and functions,evieai,evieai\Iteration\Sprint 5 - Documentation,New,1,2,
Task,Best Practices Guide,Document MCP development best practices,evieai,evieai\Iteration\Sprint 5 - Documentation,New,1,2,
Task,Troubleshooting Guide,Create MCP troubleshooting and common issues guide,evieai,evieai\Iteration\Sprint 5 - Documentation,New,1,2,
Task,Examples and Tutorials,Create example implementations and tutorials,evieai,evieai\Iteration\Sprint 5 - Documentation,New,2,2,
